/*Borrado de tablas*/

drop table if exists MO;
drop table if exists MT;
drop table if exists nivel_aprendizaje;
drop table if exists pokemon_tipo;
drop table if exists piedra;
drop table if exists tipo_piedra;
drop table if exists nivel_evolucion;
drop table if exists pokemon_movimiento_forma;
drop table if exists pokemon_forma_evolucion;
drop table if exists forma_evolucion;
drop table if exists tipo_evolucion;
drop table if exists forma_aprendizaje;
drop table if exists tipo_forma_aprendizaje;
drop table if exists movimiento_efecto_secundario;
drop table if exists efecto_secundario;
drop table if exists movimiento;
drop table if exists tipo;
drop table if exists tipo_ataque;
drop table if exists tipo_forma_aprendizaje;
drop table if exists estadisticas_base;
drop table if exists evoluciona_de;
drop table if exists pokemon;

/*Tablas*/

Create table if not exists pokemon  (
	numero_pokedex int primary key,
    nombre varchar(15) not null,
    peso real not null,
    altura real not null
);

Create table if not exists tipo_ataque  (
	id_tipo_ataque int primary key,
	tipo varchar(8) not null
);


Create table if not exists tipo (
	id_tipo int primary key, 
    nombre varchar(10) not null,
    id_tipo_ataque int not null,
	foreign key (id_tipo_ataque) references tipo_ataque(id_tipo_ataque)
);
 
 
Create table if not exists pokemon_tipo  (
	numero_pokedex int not null,
    id_tipo int not null,
    primary key(numero_pokedex, id_tipo),
    foreign key (numero_pokedex) references pokemon(numero_pokedex),
    foreign key (id_tipo) references tipo(id_tipo)
);

Create table if not exists estadisticas_base  (
	numero_pokedex int primary key,
    ps int not null,
    ataque int not null,
    defensa int not null,
    especial int not null,
    velocidad int not null,
	foreign key (numero_pokedex) references pokemon(numero_pokedex)
);


/* insercion de datos */

/*Tipos de ataques*/
insert into tipo_ataque values(1, 'Físico');
insert into tipo_ataque values(2, 'Especial');

/*Tipos*/
insert into tipo values (1, 'Agua', 2);
insert into tipo values (2, 'Bicho', 1);
insert into tipo values (3, 'Dragón', 2);
insert into tipo values (4, 'Eléctrico', 2);
insert into tipo values (5, 'Fantasma', 1);
insert into tipo values (6, 'Fuego', 2);
insert into tipo values (7, 'Hielo', 2);
insert into tipo values (8, 'Lucha', 1);
insert into tipo values (9, 'Normal', 1);
insert into tipo values (10, 'Planta', 2);
insert into tipo values (11, 'Psíquico', 2);
insert into tipo values (12, 'Roca', 1);
insert into tipo values (13, 'Tierra', 1);
insert into tipo values (14, 'Veneno', 1);
insert into tipo values (15, 'Volador', 1);

/*Pokemon*/

insert into pokemon values (1, 'Bulbasaur', 6.9, 0.7);
insert into pokemon values (2, 'Ivysaur', 13,1);
insert into pokemon values (3, 'Venasaur', 100, 2);
insert into pokemon values (4, 'Charmander', 8.5, 0.6);
insert into pokemon values (5, 'Charmeleon', 19, 1.1);
insert into pokemon values (6, 'Charizard', 90.5, 1.7);
insert into pokemon values (7, 'Squirtle', 9, 0.5);
insert into pokemon values (8, 'Wartortle', 22.5, 1);
insert into pokemon values (9, 'Blastoise', 85.5, 1.6);
insert into pokemon values (10, 'Caperpie', 2.9, 0.3);
insert into pokemon values (11, 'Metapod', 9.9, 0.7);
insert into pokemon values (12, 'Butterfree', 32,1.1);
insert into pokemon values (13, 'Weedle', 3.2,0.3);
insert into pokemon values (14, 'Kakuna', 10,0.6);
insert into pokemon values (15, 'Beedrill', 29.5,1.0);
insert into pokemon values (16, 'Pidgey', 1.8,0.3);
insert into pokemon values (17, 'Pidgeotto', 30,1.1);
insert into pokemon values (18, 'Pidgeot', 39.5,1.5);
insert into pokemon values (19, 'Rattata', 3.5,0.3);
insert into pokemon values (20, 'Raticate', 18.5,0.7);
insert into pokemon values (21, 'Spearow', 2,0.3);
insert into pokemon values (22, 'Fearow', 38,1.2);
insert into pokemon values (23, 'Ekans', 6.9,2);
insert into pokemon values (24, 'Arbok', 65,3.5);
insert into pokemon values (25, 'Pikachu', 6,0.4);
insert into pokemon values (26, 'Raichu', 30,0.8);
insert into pokemon values (27, 'Sandshrew', 12,0.6);
insert into pokemon values (28, 'Sandslash', 29.5,1);
insert into pokemon values (29, 'Nidoran♀', 7,0.4);
insert into pokemon values (30, 'Nidorina', 20,0.8);
insert into pokemon values (31, 'Nidoqueen', 60,1.3);
insert into pokemon values (32, 'Nidoran♂', 9,0.5);
insert into pokemon values (33, 'Nidorino', 19.5,0.9);
insert into pokemon values (34, 'Nidoking', 62,1.4);
insert into pokemon values (35, 'Clefairy', 7.5,0.6);
insert into pokemon values (36, 'Clefable', 40,1.3);
insert into pokemon values (37, 'Vulpix', 9.9,0.6);
insert into pokemon values (38, 'Ninetales', 19.9,1.1);
insert into pokemon values (39, 'Jigglypuff', 5.5,0.5);
insert into pokemon values (40, 'Wigglytuff', 12,1);
insert into pokemon values (41, 'Zubat', 7.5,0.8);
insert into pokemon values (42, 'Golbat', 55,1.6);
insert into pokemon values (43, 'Oddish', 5.4,0.5);
insert into pokemon values (44, 'Gloom', 8.6,0.8);
insert into pokemon values (45, 'Vileplume', 18.6,1.2);
insert into pokemon values (46, 'Paras', 5.4,0.3);
insert into pokemon values (47, 'Parasect', 29.5,1);
insert into pokemon values (48, 'Venonat', 30,1);
insert into pokemon values (49, 'Venomoth', 12.5,1.5);
insert into pokemon values (50, 'Digglet', 0.8,0.2);
insert into pokemon values (51, 'Dugtrio', 33.3,0.7);
insert into pokemon values (52, 'Meowth', 4.2,0.4);
insert into pokemon values (53, 'Persian', 32,1);
insert into pokemon values (54, 'Psyduck', 19.6,0.8);
insert into pokemon values (55, 'Golduck',  76.6,1.7);
insert into pokemon values (56, 'Mankey', 28, 0.5);
insert into pokemon values (57, 'Primeape', 32,1);
insert into pokemon values (58, 'Growlithe', 19,0.7);
insert into pokemon values (59, 'Arcanine', 155,1.9);
insert into pokemon values (60, 'Poliwag', 12.4,0.6);
insert into pokemon values (61, 'Poliwhirl', 20,1);
insert into pokemon values (62, 'Poliwrath', 54,1.3);
insert into pokemon values (63, 'Abra', 19.5,0.9);
insert into pokemon values (64, 'Kadabra', 56.5,1.3);
insert into pokemon values (65, 'Alakazam', 48,1.5);
insert into pokemon values (66, 'Machop', 19.5, 0.8);
insert into pokemon values (67, 'Mackoke', 70.5, 1.5);
insert into pokemon values (68, 'Machamp', 130,1.6);
insert into pokemon values (69, 'Bellsprout', 4.0,0.7);
insert into pokemon values (70, 'Weepinbell', 6.4,1);
insert into pokemon values (71, 'Victreebel', 15.5,1.7);
insert into pokemon values (72, 'Tentacool', 45.5,0.9);
insert into pokemon values (73, 'Tentacruel', 55,1.6);
insert into pokemon values (74, 'Geodude', 20,0.4);
insert into pokemon values (75, 'Graveler', 105,1);
insert into pokemon values (76, 'Golem', 300,1.4);
insert into pokemon values (77, 'Ponyta', 30,1);
insert into pokemon values (78, 'Rapidash', 95,1.7);
insert into pokemon values (79, 'Slowpoke', 36,1.2);
insert into pokemon values (80, 'Slowbro', 78.5,1.6);
insert into pokemon values (81, 'Magnemite', 6.0,0.3);
insert into pokemon values (82, 'Magneton', 60,1);
insert into pokemon values (83, 'Farfetch', 15,0.8);
insert into pokemon values (84, 'Doduo', 39.2,1.4);
insert into pokemon values (85, 'Dodrio', 85.2,1.8);
insert into pokemon values (86, 'Seel', 90,1.1);
insert into pokemon values (87, 'Dewgong', 120,1.7);
insert into pokemon values (88, 'Grimer', 30,0.9);
insert into pokemon values (89, 'Muk', 30,1.2);
insert into pokemon values (90, 'Shellder', 4,0.3);
insert into pokemon values (91, 'Cloyster', 132.5,1.5);
insert into pokemon values (92, 'Gastly', 0.1,1.3);
insert into pokemon values (93, 'Haunter', 0.1,1.6);
insert into pokemon values (94, 'Gengar', 40.5,1.5);
insert into pokemon values (95, 'Onix', 210,8.8);
insert into pokemon values (96, 'Drowzee', 32.4,1);
insert into pokemon values (97, 'Hypno', 75.6,1.6);
insert into pokemon values (98, 'Krabby', 6.5,0.4);
insert into pokemon values (99, 'Kingler', 60,1.3);
insert into pokemon values (100, 'Voltorb', 10.4,0.5);
insert into pokemon values (101, 'Electrode', 66.6,1.2);
insert into pokemon values (102, 'Exeggcute', 2.5,0.4);
insert into pokemon values (103, 'Exeggutor', 120,2);
insert into pokemon values (104, 'Cubone', 6.5,0.4);
insert into pokemon values (105, 'Marowak', 45,1);
insert into pokemon values (106, 'Hitmonlee', 49.8,1.5);
insert into pokemon values (107, 'Hitmonchan', 50.2,1.4);
insert into pokemon values (108, 'Lickitung', 65,1.2);
insert into pokemon values (109, 'Koffing', 1,0.6);
insert into pokemon values (110, 'Weezing', 9.5,1.2);
insert into pokemon values (111, 'Rhyhorn', 115,1);
insert into pokemon values (112, 'Rhydon', 120,1.9);
insert into pokemon values (113, 'Chansey', 34.6,1.1);
insert into pokemon values (114, 'Tangela', 35,1);
insert into pokemon values (115, 'Kangaskhan', 80,2.2);
insert into pokemon values (116, 'Horsea', 8,0.4);
insert into pokemon values (117, 'Seadra', 25,1.2);
insert into pokemon values (118, 'Goldeen', 15,0.6);
insert into pokemon values (119, 'Seaking', 39,1.3);
insert into pokemon values (120, 'Staryu', 34.5,0.8);
insert into pokemon values (121, 'Starmie', 80,1.1);
insert into pokemon values (122, 'Mr. Mime', 54.5,1.3);
insert into pokemon values (123, 'Scyther', 56,1.5);
insert into pokemon values (124, 'Jynx', 40.6,1.4);
insert into pokemon values (125, 'Electabuzz', 30,1.1);
insert into pokemon values (126, 'Magmar', 44.5,1.3);
insert into pokemon values (127, 'Pinsir', 55,1.5);
insert into pokemon values (128, 'Tauros', 88.4,1.4);
insert into pokemon values (129, 'Magikarp', 10,0.9);
insert into pokemon values (130, 'Gyarados', 235,6.5);
insert into pokemon values (131, 'Lapras', 220,2.5);
insert into pokemon values (132, 'Ditto', 4,0.3);
insert into pokemon values (133, 'Eevee', 6.5,0.3);
insert into pokemon values (134, 'Vaporeon', 29,1);
insert into pokemon values (135, 'Jolteon', 24.5,0.8);
insert into pokemon values (136, 'Flareon', 25,0.9);
insert into pokemon values (137, 'Porygon', 36.5,0.8);
insert into pokemon values (138, 'Omanyte', 7.5,04);
insert into pokemon values (139, 'Omastar', 35,1);
insert into pokemon values (140, 'Kabuto', 11.5,0.5);
insert into pokemon values (141, 'Kabutops', 40.5,1.3);
insert into pokemon values (142, 'Aerodactyl', 59,1.8);
insert into pokemon values (143, 'Snorlax', 460,2.1);
insert into pokemon values (144, 'Articuno', 55.4,1.7);
insert into pokemon values (145, 'Zapdos', 52.6,1.6);
insert into pokemon values (146, 'Moltres', 60,2);
insert into pokemon values (147, 'Dratini', 3.3,1.8);
insert into pokemon values (148, 'Dragonair', 16.5,4);
insert into pokemon values (149, 'Dragonite', 210,2.2);
insert into pokemon values (150, 'Mewtwo', 122,2);
insert into pokemon values (151, 'Mew', 4,0.4);

/*Tipos Pokemon*/

insert into pokemon_tipo values (1,10);
insert into pokemon_tipo values (1,14);
insert into pokemon_tipo values (2,10);
insert into pokemon_tipo values (2,14);
insert into pokemon_tipo values (3,10);
insert into pokemon_tipo values (3,14);
insert into pokemon_tipo values (4,6);
insert into pokemon_tipo values (5,6);
insert into pokemon_tipo values (6,6);
insert into pokemon_tipo values (6,15);
insert into pokemon_tipo values (7,1);
insert into pokemon_tipo values (8,1);
insert into pokemon_tipo values (9,1);
insert into pokemon_tipo values (10,2);
insert into pokemon_tipo values (11,2);
insert into pokemon_tipo values (12,2);
insert into pokemon_tipo values (12,15);
insert into pokemon_tipo values (13,2);
insert into pokemon_tipo values (13,14);
insert into pokemon_tipo values (14,2);
insert into pokemon_tipo values (14,14);
insert into pokemon_tipo values (15,2);
insert into pokemon_tipo values (15,14);
insert into pokemon_tipo values (16,9);
insert into pokemon_tipo values (16,15);
insert into pokemon_tipo values (17,9);
insert into pokemon_tipo values (17,15);
insert into pokemon_tipo values (18,9);
insert into pokemon_tipo values (18,15);
insert into pokemon_tipo values (19,9);
insert into pokemon_tipo values (20,9);
insert into pokemon_tipo values (21,9);
insert into pokemon_tipo values (21,15);
insert into pokemon_tipo values (22,9);
insert into pokemon_tipo values (22,15);
insert into pokemon_tipo values (23,14);
insert into pokemon_tipo values (24,14);
insert into pokemon_tipo values (25,4);
insert into pokemon_tipo values (26,4);
insert into pokemon_tipo values (27,13);
insert into pokemon_tipo values (28,13);
insert into pokemon_tipo values (29,14);
insert into pokemon_tipo values (30,14);
insert into pokemon_tipo values (31,14);
insert into pokemon_tipo values (31,13);
insert into pokemon_tipo values (32,14);
insert into pokemon_tipo values (33,14);
insert into pokemon_tipo values (34,14);
insert into pokemon_tipo values (34,13);
insert into pokemon_tipo values (35,9);
insert into pokemon_tipo values (36,9);
insert into pokemon_tipo values (37,6);
insert into pokemon_tipo values (38,6);
insert into pokemon_tipo values (39,9);
insert into pokemon_tipo values (40,9);
insert into pokemon_tipo values (41,14);
insert into pokemon_tipo values (41,15);
insert into pokemon_tipo values (42,14);
insert into pokemon_tipo values (42,15);
insert into pokemon_tipo values (43,10);
insert into pokemon_tipo values (43,14);
insert into pokemon_tipo values (44,10);
insert into pokemon_tipo values (44,14);
insert into pokemon_tipo values (45,10);
insert into pokemon_tipo values (45,14);
insert into pokemon_tipo values (46,2);
insert into pokemon_tipo values (46,10);
insert into pokemon_tipo values (47,2);
insert into pokemon_tipo values (47,10);
insert into pokemon_tipo values (48,2);
insert into pokemon_tipo values (48,14);
insert into pokemon_tipo values (49,2);
insert into pokemon_tipo values (49,14);
insert into pokemon_tipo values (50,13);
insert into pokemon_tipo values (51,13);
insert into pokemon_tipo values (52,9);
insert into pokemon_tipo values (53,9);
insert into pokemon_tipo values (54,1);
insert into pokemon_tipo values (55,1);
insert into pokemon_tipo values (56,8);
insert into pokemon_tipo values (57,8);
insert into pokemon_tipo values (58,6);
insert into pokemon_tipo values (59,6);
insert into pokemon_tipo values (60,1);
insert into pokemon_tipo values (61,1);
insert into pokemon_tipo values (62,1);
insert into pokemon_tipo values (62,8);
insert into pokemon_tipo values (63,11);
insert into pokemon_tipo values (64,12);
insert into pokemon_tipo values (65,13);
insert into pokemon_tipo values (66,8);
insert into pokemon_tipo values (67,8);
insert into pokemon_tipo values (68,8);
insert into pokemon_tipo values (69,10);
insert into pokemon_tipo values (69,14);
insert into pokemon_tipo values (70,10);
insert into pokemon_tipo values (70,14);
insert into pokemon_tipo values (71,10);
insert into pokemon_tipo values (71,14);
insert into pokemon_tipo values (72,1);
insert into pokemon_tipo values (72,14);
insert into pokemon_tipo values (73,1);
insert into pokemon_tipo values (73,14);
insert into pokemon_tipo values (74,12);
insert into pokemon_tipo values (74,13);
insert into pokemon_tipo values (75,12);
insert into pokemon_tipo values (75,13);
insert into pokemon_tipo values (76,12);
insert into pokemon_tipo values (76,13);
insert into pokemon_tipo values (77,6);
insert into pokemon_tipo values (78,6);
insert into pokemon_tipo values (79,1);
insert into pokemon_tipo values (79,11);
insert into pokemon_tipo values (80,1);
insert into pokemon_tipo values (80,11);
insert into pokemon_tipo values (81,4);
insert into pokemon_tipo values (82,4);
insert into pokemon_tipo values (83,9);
insert into pokemon_tipo values (83,15);
insert into pokemon_tipo values (84,9);
insert into pokemon_tipo values (84,15);
insert into pokemon_tipo values (85,9);
insert into pokemon_tipo values (85,15);
insert into pokemon_tipo values (86,1);
insert into pokemon_tipo values (86,7);
insert into pokemon_tipo values (87,1);
insert into pokemon_tipo values (87,7);
insert into pokemon_tipo values (88,14);
insert into pokemon_tipo values (89,14);
insert into pokemon_tipo values (90,1);
insert into pokemon_tipo values (91,1);
insert into pokemon_tipo values (91,7);
insert into pokemon_tipo values (92,5);
insert into pokemon_tipo values (92,14);
insert into pokemon_tipo values (93,5);
insert into pokemon_tipo values (93,14);
insert into pokemon_tipo values (94,5);
insert into pokemon_tipo values (94,14);
insert into pokemon_tipo values (95,12);
insert into pokemon_tipo values (95,13);
insert into pokemon_tipo values (96,11);
insert into pokemon_tipo values (97,11);
insert into pokemon_tipo values (98,1);
insert into pokemon_tipo values (99,1);
insert into pokemon_tipo values (100,4);
insert into pokemon_tipo values (101,4);
insert into pokemon_tipo values (102,10);
insert into pokemon_tipo values (102,11);
insert into pokemon_tipo values (103,10);
insert into pokemon_tipo values (103,11);
insert into pokemon_tipo values (104,13);
insert into pokemon_tipo values (105,13);
insert into pokemon_tipo values (106,8);
insert into pokemon_tipo values (107,8);
insert into pokemon_tipo values (108,9);
insert into pokemon_tipo values (109,14);
insert into pokemon_tipo values (110,14);
insert into pokemon_tipo values (111,12);
insert into pokemon_tipo values (111,13);
insert into pokemon_tipo values (112,12);
insert into pokemon_tipo values (112,13);
insert into pokemon_tipo values (113,9);
insert into pokemon_tipo values (114,10);
insert into pokemon_tipo values (115,9);
insert into pokemon_tipo values (116,1);
insert into pokemon_tipo values (117,1);
insert into pokemon_tipo values (118,1);
insert into pokemon_tipo values (119,1);
insert into pokemon_tipo values (120,1);
insert into pokemon_tipo values (121,1);
insert into pokemon_tipo values (121,11);
insert into pokemon_tipo values (122,11);
insert into pokemon_tipo values (123,2);
insert into pokemon_tipo values (123,15);
insert into pokemon_tipo values (124,7);
insert into pokemon_tipo values (124,11);
insert into pokemon_tipo values (125,4);
insert into pokemon_tipo values (126,6);
insert into pokemon_tipo values (127,2);
insert into pokemon_tipo values (128,9);
insert into pokemon_tipo values (129,1);
insert into pokemon_tipo values (130,1);
insert into pokemon_tipo values (130,15);
insert into pokemon_tipo values (131,1);
insert into pokemon_tipo values (131,7);
insert into pokemon_tipo values (132,9);
insert into pokemon_tipo values (133,9);
insert into pokemon_tipo values (134,1);
insert into pokemon_tipo values (135,4);
insert into pokemon_tipo values (136,6);
insert into pokemon_tipo values (137,9);
insert into pokemon_tipo values (138,12);
insert into pokemon_tipo values (138,1);
insert into pokemon_tipo values (139,1);
insert into pokemon_tipo values (139,12);
insert into pokemon_tipo values (140,1);
insert into pokemon_tipo values (140,12);
insert into pokemon_tipo values (141,1);
insert into pokemon_tipo values (141,12);
insert into pokemon_tipo values (142,12);
insert into pokemon_tipo values (142,15);
insert into pokemon_tipo values (143,9);
insert into pokemon_tipo values (144,7);
insert into pokemon_tipo values (144,15);
insert into pokemon_tipo values (145,4);
insert into pokemon_tipo values (145,15);
insert into pokemon_tipo values (146,6);
insert into pokemon_tipo values (146,15);
insert into pokemon_tipo values (147,3);
insert into pokemon_tipo values (148,3);
insert into pokemon_tipo values (149,3);
insert into pokemon_tipo values (149,15);
insert into pokemon_tipo values (150,11);
insert into pokemon_tipo values (151,11);

/*Estadisticas base*/

insert into estadisticas_base values (1,45, 49,49,65,45);
insert into estadisticas_base values (2,60, 62,63,80,60);
insert into estadisticas_base values (3,80, 82,83,100,80);
insert into estadisticas_base values (4,39, 52,43,55,65);
insert into estadisticas_base values (5,58, 64,58,73,80);
insert into estadisticas_base values (6,78, 84,78,97,100);
insert into estadisticas_base values (7,44, 48,65,57,43);
insert into estadisticas_base values (8,59, 63,80,73,58);
insert into estadisticas_base values (9,79, 83,100,95,78);
insert into estadisticas_base values (10,45, 30,35,20,45);
insert into estadisticas_base values (11,50, 20,55,25,30);
insert into estadisticas_base values (12,60, 45,50,80,70);
insert into estadisticas_base values (13,40, 35,30,20,50);
insert into estadisticas_base values (14,45, 25,50,25,35);
insert into estadisticas_base values (15,65, 80,40,63,75);
insert into estadisticas_base values (16,40, 45,40,35,56);
insert into estadisticas_base values (17,63, 60,55,50,71);
insert into estadisticas_base values (18,83, 80,75,70,91);
insert into estadisticas_base values (19,30, 56,35,30,72);
insert into estadisticas_base values (20,55, 81,60,60,97);
insert into estadisticas_base values (21,40, 60,30,31,70);
insert into estadisticas_base values (22,65, 90,65,61,100);
insert into estadisticas_base values (23,35, 60,44,47,55);
insert into estadisticas_base values (24,60, 85,69,65,79);
insert into estadisticas_base values (25,35, 55,30,45,90);
insert into estadisticas_base values (26,60, 90,55,85,100);
insert into estadisticas_base values (27,50, 75,85,25,40);
insert into estadisticas_base values (28,75, 100,110,50,65);
insert into estadisticas_base values (29,55, 47,52,40,41);
insert into estadisticas_base values (30,70, 62,67,55,56);
insert into estadisticas_base values (31,90, 82,87,80,76);
insert into estadisticas_base values (32,46, 57,40,40,50);
insert into estadisticas_base values (33,61, 72,57,55,65);
insert into estadisticas_base values (34,81, 82,77,80,85);
insert into estadisticas_base values (35,70, 45,48,63,35);
insert into estadisticas_base values (36,95, 70,73,87,60);
insert into estadisticas_base values (37,38, 41,40,57,65);
insert into estadisticas_base values (38,73, 76,75,91,100);
insert into estadisticas_base values (39,115, 45,20,30,20);
insert into estadisticas_base values (40,140, 70,45,63,45);
insert into estadisticas_base values (41,40, 45,35,35,55);
insert into estadisticas_base values (42,75, 80,70,70,90);
insert into estadisticas_base values (43,45, 50,55,70,30);
insert into estadisticas_base values (44,60, 65,70,80,40);
insert into estadisticas_base values (45,75, 80,85,95,50);
insert into estadisticas_base values (46,35, 70,55,50,25);
insert into estadisticas_base values (47,60, 95,80,70,30);
insert into estadisticas_base values (48,60, 55,50,47,45);
insert into estadisticas_base values (49,70, 65,60,83,90);
insert into estadisticas_base values (50,10, 55,25,40,95);
insert into estadisticas_base values (51,35, 80,50,60,120);
insert into estadisticas_base values (52,40, 45,35,40,90);
insert into estadisticas_base values (53,65, 70,60,65,115);
insert into estadisticas_base values (54,50, 52,48,57,55);
insert into estadisticas_base values (55,80, 82,78,87,85);
insert into estadisticas_base values (56,40, 80,35,40,70);
insert into estadisticas_base values (57,65, 105,60,65,95);
insert into estadisticas_base values (58,55, 70,45,60,60);
insert into estadisticas_base values (59,90, 110,80,90,95);
insert into estadisticas_base values (60,45, 49,49,65,45);
insert into estadisticas_base values (61,65, 65,65,50,90);
insert into estadisticas_base values (62,90, 85,95,80,70);
insert into estadisticas_base values (63,25, 20,15,80,90);
insert into estadisticas_base values (64,40, 35,30,95,105);
insert into estadisticas_base values (65,55, 50,45,110,120);
insert into estadisticas_base values (66,70, 80,50,35,35);
insert into estadisticas_base values (67,80, 100,70,55,45);
insert into estadisticas_base values (68,90, 130,80,75,55);
insert into estadisticas_base values (69,50, 75,35,50,40);
insert into estadisticas_base values (70,65, 90,50,65,40);
insert into estadisticas_base values (71,80, 105,65,80,70);
insert into estadisticas_base values (72,40, 40,35,75,70);
insert into estadisticas_base values (73,80, 70,65,100,100);
insert into estadisticas_base values (74,40, 80,100,30,20);
insert into estadisticas_base values (75,55, 95,115,45,35);
insert into estadisticas_base values (76,80, 110,130,60,45);
insert into estadisticas_base values (77,50, 85,55,65,90);
insert into estadisticas_base values (78,65, 100,70,80,105);
insert into estadisticas_base values (79,90, 65,65,80,15);
insert into estadisticas_base values (80,95, 75,110,90,30);
insert into estadisticas_base values (81,25, 35,70,75,45);
insert into estadisticas_base values (82,50, 60,95,95,70);
insert into estadisticas_base values (83,52, 65,55,60,60);
insert into estadisticas_base values (85,60, 110,70,60,100);
insert into estadisticas_base values (86,65, 45,55,58,45);
insert into estadisticas_base values (87,90, 70,80,83,70);
insert into estadisticas_base values (88,80, 80,50,45,25);
insert into estadisticas_base values (89,105, 105,75,83,50);
insert into estadisticas_base values (90,30, 65,100,35,40);
insert into estadisticas_base values (91,50, 95,180,65,70);
insert into estadisticas_base values (92,30, 35,30,68,80);
insert into estadisticas_base values (93,45, 50,45,85,95);
insert into estadisticas_base values (94,60, 65,60,103,110);
insert into estadisticas_base values (95,35, 45,160,37,70);
insert into estadisticas_base values (96,60, 48,45,67,42);
insert into estadisticas_base values (97,85, 73,70,94,67);
insert into estadisticas_base values (98,30, 105,90,25,50);
insert into estadisticas_base values (99,55, 130,115,50,75);
insert into estadisticas_base values (100,40, 30,50,55,100);
insert into estadisticas_base values (101,60, 50,70,80,140);
insert into estadisticas_base values (102,60, 40,80,53,40);
insert into estadisticas_base values (103,95, 95,85,95,55);
insert into estadisticas_base values (104,50, 50,95,55,35);
insert into estadisticas_base values (105,60, 80,110,65,45);
insert into estadisticas_base values (106,50, 120,53,73,87);
insert into estadisticas_base values (107,50, 105,79,73,76);
insert into estadisticas_base values (108,90, 55,75,67,30);
insert into estadisticas_base values (109,40, 65,95,53,35);
insert into estadisticas_base values (110,65, 90,120,77,60);
insert into estadisticas_base values (111,80, 85,95,30,25);
insert into estadisticas_base values (112,105, 130,120,45,40);
insert into estadisticas_base values (113,250, 5,5,70,50);
insert into estadisticas_base values (114,65, 55,115,70,60);
insert into estadisticas_base values (115,105, 95,80,60,90);
insert into estadisticas_base values (116,30, 40,70,48,60);
insert into estadisticas_base values (117,55, 65,95,70,85);
insert into estadisticas_base values (118,45, 67,60,43,63);
insert into estadisticas_base values (119,80, 92,65,72,68);
insert into estadisticas_base values (120,30, 45,55,63,85);
insert into estadisticas_base values (121,60, 75,85,93,115);
insert into estadisticas_base values (122,40, 45,65,110,90);
insert into estadisticas_base values (123,70, 110,80,68,105);
insert into estadisticas_base values (124,65, 50,35,105,95);
insert into estadisticas_base values (125,65, 83,57,95,105);
insert into estadisticas_base values (126,65, 95,57,90,105);
insert into estadisticas_base values (127,65, 125,100,63,85);
insert into estadisticas_base values (128,75, 100,95,55,110);
insert into estadisticas_base values (129,20, 10,55,17,80);
insert into estadisticas_base values (130,95, 125,79,80,81);
insert into estadisticas_base values (131,130, 85,80,90,60);
insert into estadisticas_base values (132,48, 48,48,48,48);
insert into estadisticas_base values (133,55, 55,50,55,55);
insert into estadisticas_base values (134,130, 65,60,103,65);
insert into estadisticas_base values (135,65, 65,60,103,130);
insert into estadisticas_base values (136,65, 130,60,103,65);
insert into estadisticas_base values (137,65, 60,70,80,40);
insert into estadisticas_base values (138,35, 40,100,73,35);
insert into estadisticas_base values (139,70, 60,125,93,55);
insert into estadisticas_base values (140,30, 80,90,50,55);
insert into estadisticas_base values (141,60, 115,105,67,80);
insert into estadisticas_base values (142,80, 105,65,67,130);
insert into estadisticas_base values (143,160, 110,65,88,30);
insert into estadisticas_base values (144,90, 85,100,110,85);
insert into estadisticas_base values (145,90, 90,85,83,100);
insert into estadisticas_base values (146,90, 100,90,105,90);
insert into estadisticas_base values (147,41, 64,45,50,50);
insert into estadisticas_base values (148,61, 84,65,70,70);
insert into estadisticas_base values (149,91, 134,95,100,80);
insert into estadisticas_base values (150,106, 110,90,122,130);
insert into estadisticas_base values (151,100, 100,100,100,100);